heroId,item,avgTimeSec,count
2,blink,1039,1781
3,blink,1534,180
4,blink,1667,9
5,blink,1359,425
6,blink,1490,31
7,blink,912,843
8,blink,1525,352
9,blink,1666,29
10,blink,1800,2
11,blink,1138,625
13,blink,1283,603
14,blink,1137,1279
15,blink,1345,60
16,blink,846,465
18,blink,1218,677
19,blink,1140,739
20,blink,1368,52
21,blink,1445,422
22,blink,1543,14
23,blink,1361,22
25,blink,1539,456
26,blink,1208,2239
27,blink,1294,1006
28,blink,976,1163
29,blink,1307,884
30,blink,1435,451
31,blink,1415,838
32,blink,1650,2
33,blink,1001,315
34,blink,822,318
35,blink,1430,72
36,blink,1450,33
37,blink,1560,20
38,blink,1322,357
39,blink,1650,2
40,blink,1355,22
41,blink,1500,3
42,blink,1320,575
43,blink,1368,85
45,blink,1450,56
46,blink,1225,419
47,blink,1242,92
48,blink,1508,415
49,blink,1050,346
50,blink,1578,58
51,blink,1475,176
52,blink,1020,217
53,blink,1200,1
54,blink,1588,24
55,blink,1398,395
57,blink,1419,75
58,blink,1675,12
59,blink,1078,135
60,blink,1173,1021
61,blink,1500,5
62,blink,1445,11
64,blink,1514,43
65,blink,1165,229
66,blink,1800,1
67,blink,1680,5
68,blink,1584,32
69,blink,1272,748
70,blink,1191,638
71,blink,1200,2
72,blink,1381,23
73,blink,1326,215
74,blink,1474,148
75,blink,1500,12
76,blink,1259,350
77,blink,1467,9
78,blink,1494,159
79,blink,1416,352
80,blink,1467,9
81,blink,1338,129
82,blink,1276,73
83,blink,1511,603
84,blink,1321,435
85,blink,1377,395
86,blink,1388,1293
87,blink,1475,547
88,blink,1434,141
89,blink,1680,5
90,blink,1512,25
91,blink,1400,15
92,blink,1500,2
93,blink,1407,63
94,blink,1567,9
95,blink,1600,27
96,blink,1315,1338
97,blink,937,756
98,blink,1271,404
99,blink,1800,1
100,blink,1308,1210
101,blink,1519,139
102,blink,1530,105
103,blink,1200,1
104,blink,985,730
105,blink,1527,22
106,blink,1500,4
107,blink,1466,139
108,blink,1800,1
109,blink,1671,7
110,blink,1725,4
111,blink,1448,206
112,blink,1425,431
113,blink,1617,18
114,blink,1800,1
119,blink,1485,477
120,blink,1385,612
121,blink,1407,531
123,blink,1601,173
126,blink,1450,6
128,blink,1268,1197
129,blink,1057,750
131,blink,1553,349
135,blink,1522,150
136,blink,1465,87
137,blink,1012,385
138,blink,1588,75
145,blink,1627,73
155,blink,1200,1
1,black_king_bar,1633,36
2,black_king_bar,1664,751
3,black_king_bar,1500,1
4,black_king_bar,1565,161
5,black_king_bar,1455,106
6,black_king_bar,1647,116
7,black_king_bar,1631,166
8,black_king_bar,1600,3
9,black_king_bar,1563,21
10,black_king_bar,1676,34
11,black_king_bar,1602,830
13,black_king_bar,1665,20
14,black_king_bar,1653,240
15,black_king_bar,1549,408
16,black_king_bar,1611,78
17,black_king_bar,1639,340
18,black_king_bar,1566,534
19,black_king_bar,1675,317
20,black_king_bar,1527,11
21,black_king_bar,1572,717
22,black_king_bar,1620,5
23,black_king_bar,1622,211
25,black_king_bar,1663,469
26,black_king_bar,1625,36
27,black_king_bar,1650,12
28,black_king_bar,1673,606
29,black_king_bar,1600,9
30,black_king_bar,1500,35
31,black_king_bar,1230,4
32,black_king_bar,1575,20
33,black_king_bar,1527,212
34,black_king_bar,1665,89
35,black_king_bar,1572,79
36,black_king_bar,1648,256
38,black_king_bar,1635,217
39,black_king_bar,1637,189
40,black_king_bar,1650,2
41,black_king_bar,1618,117
42,black_king_bar,1617,141
43,black_king_bar,1603,189
44,black_king_bar,1496,413
45,black_king_bar,1543,7
46,black_king_bar,1648,85
47,black_king_bar,1615,122
48,black_king_bar,1618,651
49,black_king_bar,1610,219
51,black_king_bar,1500,6
52,black_king_bar,1623,118
53,black_king_bar,1582,254
54,black_king_bar,1650,34
55,black_king_bar,1615,47
56,black_king_bar,1625,73
57,black_king_bar,1586,14
58,black_king_bar,1500,7
59,black_king_bar,1487,132
60,black_king_bar,1667,647
61,black_king_bar,1605,60
62,black_king_bar,1391,11
63,black_king_bar,1576,74
64,black_king_bar,1418,11
65,black_king_bar,1568,97
67,black_king_bar,1580,15
68,black_king_bar,900,1
69,black_king_bar,1633,513
70,black_king_bar,1646,284
71,black_king_bar,1550,42
72,black_king_bar,1570,99
73,black_king_bar,1569,118
74,black_king_bar,1635,292
75,black_king_bar,1525,12
76,black_king_bar,1664,110
77,black_king_bar,1686,71
78,black_king_bar,1716,25
80,black_king_bar,1643,21
81,black_king_bar,1444,33
83,black_king_bar,1500,2
84,black_king_bar,1463,59
85,black_king_bar,1577,141
86,black_king_bar,1800,5
87,black_king_bar,1500,1
88,black_king_bar,1500,4
89,black_king_bar,1800,1
90,black_king_bar,1633,54
91,black_king_bar,1581,156
92,black_king_bar,1600,3
93,black_king_bar,1642,110
94,black_king_bar,1440,5
95,black_king_bar,1593,147
96,black_king_bar,1703,85
97,black_king_bar,1653,202
98,black_king_bar,1649,220
99,black_king_bar,1648,73
100,black_king_bar,1516,19
101,black_king_bar,1800,1
102,black_king_bar,1650,2
103,black_king_bar,1100,3
104,black_king_bar,1672,288
105,black_king_bar,1750,6
106,black_king_bar,1652,399
107,black_king_bar,1572,452
108,black_king_bar,1733,45
109,black_king_bar,1683,36
110,black_king_bar,1650,26
111,black_king_bar,1500,1
113,black_king_bar,1740,10
114,black_king_bar,1589,217
119,black_king_bar,1140,3
120,black_king_bar,1750,6
123,black_king_bar,1320,5
126,black_king_bar,1656,48
128,black_king_bar,1682,261
129,black_king_bar,1664,329
135,black_king_bar,1635,590
136,black_king_bar,1465,260
137,black_king_bar,1549,336
138,black_king_bar,1622,177
145,black_king_bar,1651,221
155,black_king_bar,1671,62
6,rapier,1500,1
8,rapier,1500,2
12,rapier,1500,1
18,rapier,1650,2
21,rapier,1600,3
22,rapier,1633,9
23,rapier,1800,1
25,rapier,1800,2
35,rapier,1650,4
40,rapier,1500,1
41,rapier,1800,1
42,rapier,1300,6
44,rapier,1440,10
46,rapier,1700,3
48,rapier,1775,24
53,rapier,1650,2
63,rapier,1500,2
67,rapier,1500,1
72,rapier,1740,5
74,rapier,1800,2
81,rapier,1800,1
86,rapier,1500,1
94,rapier,1650,2
104,rapier,1500,1
106,rapier,1800,1
113,rapier,1800,1
128,rapier,1620,5
129,rapier,600,1
135,rapier,1200,1
2,radiance,1200,1
4,radiance,1238,24
8,radiance,1170,10
12,radiance,900,1
13,radiance,1200,1
14,radiance,1335,12
15,radiance,900,3
16,radiance,1114,7
23,radiance,1145,132
28,radiance,1200,1
29,radiance,1200,11
30,radiance,1500,1
32,radiance,1200,1
36,radiance,1011,1405
38,radiance,1500,1
41,radiance,1260,5
42,radiance,1162,535
43,radiance,1500,1
47,radiance,1200,4
48,radiance,1527,55
49,radiance,1152,25
51,radiance,890,6
54,radiance,1144,1264
55,radiance,847,9
57,radiance,1196,42
60,radiance,1272,67
61,radiance,1275,4
63,radiance,1164,5
65,radiance,1500,1
67,radiance,1224,982
69,radiance,1197,330
71,radiance,1350,2
73,radiance,1038,225
74,radiance,1220,6
77,radiance,1500,1
78,radiance,1243,72
80,radiance,1500,2
81,radiance,1350,2
82,radiance,1200,1
83,radiance,900,1
84,radiance,1350,2
85,radiance,1050,4
88,radiance,1315,13
89,radiance,1044,5
91,radiance,1650,2
93,radiance,1282,11
94,radiance,1230,4
96,radiance,1100,3
98,radiance,1500,1
99,radiance,1282,11
102,radiance,1185,163
103,radiance,1800,1
106,radiance,1379,41
107,radiance,1133,9
108,radiance,1114,7
110,radiance,1205,67
114,radiance,1179,51
120,radiance,1200,1
126,radiance,1247,9
129,radiance,1560,5
135,radiance,1271,21
136,radiance,1500,2
137,radiance,1200,1
145,radiance,1500,1
155,radiance,1168,38
1,manta,1388,496
2,manta,1680,5
4,manta,1545,20
6,manta,1411,681
8,manta,1398,672
9,manta,1257,18
10,manta,1316,300
11,manta,1286,507
12,manta,1194,659
13,manta,1500,1
15,manta,1356,265
17,manta,1564,14
18,manta,1350,2
19,manta,1571,17
20,manta,1562,300
21,manta,1565,69
22,manta,1200,2
25,manta,1560,5
26,manta,1800,1
28,manta,1650,2
29,manta,1500,2
32,manta,1541,144
34,manta,1800,1
35,manta,1418,11
36,manta,1612,118
38,manta,1595,38
39,manta,1457,7
40,manta,1500,3
41,manta,1536,298
42,manta,1550,6
43,manta,1200,1
44,manta,1490,30
45,manta,1800,1
46,manta,1586,7
47,manta,1529,135
48,manta,1215,1330
49,manta,1594,16
50,manta,1200,1
53,manta,1591,23
54,manta,1590,407
55,manta,1200,1
57,manta,1650,2
60,manta,1500,3
61,manta,1382,84
62,manta,1550,6
63,manta,1589,27
65,manta,1350,6
67,manta,1581,894
69,manta,1500,4
70,manta,1450,6
72,manta,1336,33
73,manta,1483,35
74,manta,1629,7
75,manta,1800,1
76,manta,1600,3
77,manta,1800,2
78,manta,1620,5
79,manta,1200,2
81,manta,1335,56
82,manta,1200,1
85,manta,1500,2
88,manta,1650,6
89,manta,1111,126
91,manta,1550,6
93,manta,1600,6
94,manta,1122,319
95,manta,1476,65
97,manta,1560,17
98,manta,1650,2
100,manta,1650,2
102,manta,1614,100
106,manta,1470,16
109,manta,1226,394
112,manta,1500,1
113,manta,1581,37
114,manta,1556,54
120,manta,1457,7
123,manta,1650,2
126,manta,1578,172
128,manta,1600,3
135,manta,1800,3
136,manta,720,1
138,manta,1620,5
145,manta,1426,104
1,ultimate_scepter,1631,56
2,ultimate_scepter,1498,72
3,ultimate_scepter,1540,56
4,ultimate_scepter,1520,15
5,ultimate_scepter,1291,117
6,ultimate_scepter,1409,414
7,ultimate_scepter,1375,253
8,ultimate_scepter,1541,237
9,ultimate_scepter,1539,340
11,ultimate_scepter,1604,149
12,ultimate_scepter,1397,621
13,ultimate_scepter,1466,23
14,ultimate_scepter,1321,617
15,ultimate_scepter,1511,27
16,ultimate_scepter,1433,365
17,ultimate_scepter,1600,24
18,ultimate_scepter,1479,23
19,ultimate_scepter,1591,41
20,ultimate_scepter,1468,724
21,ultimate_scepter,1444,32
22,ultimate_scepter,1517,754
23,ultimate_scepter,1386,333
25,ultimate_scepter,1411,1174
26,ultimate_scepter,1312,182
27,ultimate_scepter,1378,64
28,ultimate_scepter,1634,86
29,ultimate_scepter,1528,433
30,ultimate_scepter,1329,159
31,ultimate_scepter,1433,139
32,ultimate_scepter,1468,15
33,ultimate_scepter,1514,66
34,ultimate_scepter,1389,258
35,ultimate_scepter,1396,174
36,ultimate_scepter,1529,92
37,ultimate_scepter,1403,152
38,ultimate_scepter,1143,270
39,ultimate_scepter,1497,501
40,ultimate_scepter,1222,79
41,ultimate_scepter,1624,211
42,ultimate_scepter,1476,79
43,ultimate_scepter,1451,137
44,ultimate_scepter,1525,48
45,ultimate_scepter,1260,60
46,ultimate_scepter,1406,16
47,ultimate_scepter,1449,136
48,ultimate_scepter,1437,199
49,ultimate_scepter,1488,41
50,ultimate_scepter,1340,33
51,ultimate_scepter,1455,20
52,ultimate_scepter,1514,21
53,ultimate_scepter,1412,80
54,ultimate_scepter,1700,484
55,ultimate_scepter,1398,162
56,ultimate_scepter,1611,54
57,ultimate_scepter,1420,15
58,ultimate_scepter,1473,132
59,ultimate_scepter,1512,59
60,ultimate_scepter,1550,18
61,ultimate_scepter,1500,1
62,ultimate_scepter,1253,44
63,ultimate_scepter,1691,11
64,ultimate_scepter,1455,112
65,ultimate_scepter,1733,18
66,ultimate_scepter,1575,8
67,ultimate_scepter,1686,63
68,ultimate_scepter,1166,55
69,ultimate_scepter,1437,36
70,ultimate_scepter,1591,123
71,ultimate_scepter,1510,86
72,ultimate_scepter,1265,152
73,ultimate_scepter,1343,449
74,ultimate_scepter,1496,393
75,ultimate_scepter,1567,137
76,ultimate_scepter,1610,65
77,ultimate_scepter,1650,20
78,ultimate_scepter,1422,273
79,ultimate_scepter,1543,24
80,ultimate_scepter,1496,354
81,ultimate_scepter,1386,21
82,ultimate_scepter,1451,59
83,ultimate_scepter,1545,20
84,ultimate_scepter,1280,304
85,ultimate_scepter,1319,145
86,ultimate_scepter,1541,406
87,ultimate_scepter,1609,75
88,ultimate_scepter,1445,84
89,ultimate_scepter,1575,4
90,ultimate_scepter,1516,149
91,ultimate_scepter,1125,295
92,ultimate_scepter,1453,57
93,ultimate_scepter,1492,404
94,ultimate_scepter,1485,39
95,ultimate_scepter,1514,42
96,ultimate_scepter,1691,44
97,ultimate_scepter,1543,123
98,ultimate_scepter,1606,105
99,ultimate_scepter,1264,96
100,ultimate_scepter,1576,64
101,ultimate_scepter,1464,127
102,ultimate_scepter,1375,24
103,ultimate_scepter,1354,32
104,ultimate_scepter,1543,45
105,ultimate_scepter,1487,83
106,ultimate_scepter,1662,315
107,ultimate_scepter,1613,40
108,ultimate_scepter,1454,882
109,ultimate_scepter,1546,13
110,ultimate_scepter,1589,35
111,ultimate_scepter,1294,16
112,ultimate_scepter,1435,50
113,ultimate_scepter,1355,24
114,ultimate_scepter,1548,50
119,ultimate_scepter,1255,80
120,ultimate_scepter,1553,521
121,ultimate_scepter,1587,122
123,ultimate_scepter,1542,67
126,ultimate_scepter,1593,368
128,ultimate_scepter,1555,49
129,ultimate_scepter,1608,36
131,ultimate_scepter,1615,26
135,ultimate_scepter,1519,111
136,ultimate_scepter,1411,98
137,ultimate_scepter,1574,139
138,ultimate_scepter,1600,21
145,ultimate_scepter,1605,332
155,ultimate_scepter,1561,133
1,bfury,963,521
4,bfury,1260,5
8,bfury,971,842
18,bfury,1200,1
20,bfury,1200,3
23,bfury,1800,1
29,bfury,720,1
32,bfury,1394,17
41,bfury,1077,350
42,bfury,1200,2
44,bfury,1006,542
49,bfury,720,1
54,bfury,1200,3
57,bfury,900,1
60,bfury,1500,2
61,bfury,1000,3
62,bfury,600,1
67,bfury,1131,13
69,bfury,1800,1
70,bfury,1000,621
73,bfury,821,8
77,bfury,750,2
78,bfury,720,1
81,bfury,1217,7
84,bfury,1200,3
85,bfury,1350,2
93,bfury,1055,24
95,bfury,999,214
97,bfury,1200,2
99,bfury,1200,1
100,bfury,855,4
102,bfury,1200,1
104,bfury,1100,3
106,bfury,1006,15
108,bfury,720,1
114,bfury,1058,47
120,bfury,960,2
126,bfury,900,1
136,bfury,1017,9
145,bfury,1074,21
1,heart,1350,2
2,heart,1466,81
4,heart,1500,2
7,heart,1500,7
8,heart,1200,1
11,heart,1800,1
12,heart,1495,66
14,heart,1406,142
15,heart,1200,3
16,heart,1433,9
18,heart,1535,17
19,heart,1725,4
20,heart,1500,2
21,heart,1800,1
22,heart,1800,1
23,heart,1620,10
26,heart,1200,1
28,heart,1575,4
29,heart,1408,13
30,heart,1800,2
31,heart,1500,1
35,heart,1200,1
36,heart,1636,344
37,heart,1740,5
38,heart,1800,2
39,heart,1800,1
40,heart,1450,6
42,heart,1433,9
43,heart,1620,5
44,heart,1800,1
45,heart,1329,14
47,heart,1428,15
49,heart,1400,3
51,heart,1418,11
53,heart,1800,1
54,heart,1500,6
55,heart,1425,8
56,heart,1500,1
57,heart,1650,4
58,heart,1425,4
59,heart,1480,15
61,heart,1800,1
62,heart,1500,1
63,heart,1800,1
67,heart,1469,29
69,heart,1640,15
71,heart,1500,1
73,heart,1800,1
81,heart,1367,38
82,heart,1200,1
84,heart,1271,178
85,heart,1358,35
86,heart,1200,1
88,heart,1650,2
89,heart,1615,78
91,heart,1542,43
96,heart,1376,985
97,heart,1200,3
98,heart,1620,25
99,heart,1424,70
100,heart,1500,1
102,heart,1260,7
104,heart,1500,2
105,heart,1440,5
107,heart,1575,4
108,heart,1633,18
110,heart,1569,26
112,heart,1200,1
120,heart,1800,1
128,heart,1800,1
129,heart,1500,6
135,heart,1380,10
137,heart,1350,6
1,monkey_king_bar,1533,18
4,monkey_king_bar,1300,3
6,monkey_king_bar,1500,8
7,monkey_king_bar,1560,5
8,monkey_king_bar,1559,58
9,monkey_king_bar,1500,5
10,monkey_king_bar,1600,3
11,monkey_king_bar,1665,62
12,monkey_king_bar,1425,4
13,monkey_king_bar,1500,1
15,monkey_king_bar,1700,3
18,monkey_king_bar,1614,38
19,monkey_king_bar,1680,5
20,monkey_king_bar,1625,12
21,monkey_king_bar,1497,50
25,monkey_king_bar,1630,30
26,monkey_king_bar,1560,5
28,monkey_king_bar,1575,4
32,monkey_king_bar,1350,2
35,monkey_king_bar,1483,95
39,monkey_king_bar,1500,1
40,monkey_king_bar,1800,1
41,monkey_king_bar,1526,23
42,monkey_king_bar,1538,16
44,monkey_king_bar,1500,27
46,monkey_king_bar,1704,56
47,monkey_king_bar,900,1
48,monkey_king_bar,1581,26
49,monkey_king_bar,1650,8
52,monkey_king_bar,1800,1
53,monkey_king_bar,1564,33
54,monkey_king_bar,1574,40
56,monkey_king_bar,1519,16
58,monkey_king_bar,1600,6
59,monkey_king_bar,1500,2
60,monkey_king_bar,1800,1
61,monkey_king_bar,1800,2
63,monkey_king_bar,1388,23
64,monkey_king_bar,1350,4
67,monkey_king_bar,1470,10
68,monkey_king_bar,1350,2
70,monkey_king_bar,1637,35
71,monkey_king_bar,1400,3
72,monkey_king_bar,1500,5
73,monkey_king_bar,1650,2
75,monkey_king_bar,1500,2
77,monkey_king_bar,1200,1
78,monkey_king_bar,1800,1
80,monkey_king_bar,1613,8
81,monkey_king_bar,1400,9
84,monkey_king_bar,1700,3
93,monkey_king_bar,1433,9
94,monkey_king_bar,1380,5
95,monkey_king_bar,1513,9
97,monkey_king_bar,1800,1
99,monkey_king_bar,1800,1
100,monkey_king_bar,1300,3
102,monkey_king_bar,1800,1
104,monkey_king_bar,1629,14
106,monkey_king_bar,1275,4
109,monkey_king_bar,1750,6
112,monkey_king_bar,1600,3
113,monkey_king_bar,1500,2
114,monkey_king_bar,1523,13
119,monkey_king_bar,1650,4
120,monkey_king_bar,1200,3
123,monkey_king_bar,1433,9
126,monkey_king_bar,1350,2
128,monkey_king_bar,1586,7
135,monkey_king_bar,1500,2
136,monkey_king_bar,1200,2
138,monkey_king_bar,1592,13
145,monkey_king_bar,1550,6
2,bloodthorn,1800,1
3,bloodthorn,1800,2
9,bloodthorn,1500,3
12,bloodthorn,1577,70
13,bloodthorn,1800,1
15,bloodthorn,1414,7
16,bloodthorn,1800,1
17,bloodthorn,1463,18
18,bloodthorn,1700,3
21,bloodthorn,1406,25
22,bloodthorn,1650,2
25,bloodthorn,1313,8
28,bloodthorn,1400,3
32,bloodthorn,1500,1
33,bloodthorn,1500,1
35,bloodthorn,1200,1
38,bloodthorn,1463,8
39,bloodthorn,1114,14
40,bloodthorn,1200,3
42,bloodthorn,1633,61
43,bloodthorn,1800,1
44,bloodthorn,1380,5
45,bloodthorn,1800,1
46,bloodthorn,1700,3
47,bloodthorn,1478,8
48,bloodthorn,1200,1
49,bloodthorn,1693,14
51,bloodthorn,1800,1
53,bloodthorn,1404,79
54,bloodthorn,1800,3
55,bloodthorn,1200,1
56,bloodthorn,1348,60
57,bloodthorn,1800,1
58,bloodthorn,1543,7
59,bloodthorn,1350,2
60,bloodthorn,1650,2
61,bloodthorn,1469,29
62,bloodthorn,1200,5
63,bloodthorn,1575,8
64,bloodthorn,1500,2
65,bloodthorn,1500,1
67,bloodthorn,1519,31
71,bloodthorn,1200,2
72,bloodthorn,1200,1
73,bloodthorn,1636,11
74,bloodthorn,1320,5
75,bloodthorn,1440,5
77,bloodthorn,1500,2
81,bloodthorn,1626,31
84,bloodthorn,1293,11
85,bloodthorn,1800,1
86,bloodthorn,1500,1
89,bloodthorn,1642,38
92,bloodthorn,1714,7
93,bloodthorn,1420,15
94,bloodthorn,1500,1
95,bloodthorn,1500,1
97,bloodthorn,1500,2
98,bloodthorn,1200,1
99,bloodthorn,1500,1
100,bloodthorn,1200,1
102,bloodthorn,1567,9
104,bloodthorn,1800,2
109,bloodthorn,1650,2
112,bloodthorn,1600,6
113,bloodthorn,1709,46
114,bloodthorn,1600,3
119,bloodthorn,1500,1
123,bloodthorn,1800,1
126,bloodthorn,1267,9
128,bloodthorn,1200,1
138,bloodthorn,1500,1
2,refresher,1800,1
3,refresher,1500,2
5,refresher,1725,4
7,refresher,1508,40
11,refresher,1631,16
13,refresher,1200,1
15,refresher,1200,1
16,refresher,1500,1
22,refresher,1593,148
27,refresher,1481,48
29,refresher,1455,20
30,refresher,1629,7
31,refresher,1406,32
33,refresher,1470,30
36,refresher,1500,3
37,refresher,1457,49
38,refresher,1800,1
39,refresher,1500,1
41,refresher,1680,10
42,refresher,1543,7
45,refresher,1800,1
48,refresher,1500,6
53,refresher,1567,9
55,refresher,1284,5
57,refresher,1700,3
64,refresher,1400,3
65,refresher,1500,1
67,refresher,1800,2
68,refresher,1600,3
69,refresher,1404,5
74,refresher,1521,28
75,refresher,1622,69
76,refresher,1500,1
78,refresher,1763,16
80,refresher,1800,3
83,refresher,1500,2
85,refresher,1300,3
86,refresher,1200,1
87,refresher,1800,1
91,refresher,1800,1
97,refresher,1500,7
103,refresher,1500,1
104,refresher,1200,1
106,refresher,1550,6
107,refresher,1500,2
108,refresher,1500,2
110,refresher,1513,24
111,refresher,1800,1
121,refresher,1800,1
128,refresher,1667,18
129,refresher,1800,3
131,refresher,1500,1
135,refresher,1800,1
3,sheepstick,1500,1
5,sheepstick,1600,3
7,sheepstick,1500,2
9,sheepstick,1500,5
11,sheepstick,1664,11
12,sheepstick,1200,1
13,sheepstick,1500,1
14,sheepstick,1200,1
16,sheepstick,1500,1
17,sheepstick,1660,15
20,sheepstick,1500,2
21,sheepstick,1362,10
22,sheepstick,1500,4
23,sheepstick,1800,3
25,sheepstick,1655,31
26,sheepstick,1500,1
27,sheepstick,1650,2
29,sheepstick,1800,3
30,sheepstick,1500,6
31,sheepstick,1650,4
32,sheepstick,1500,1
33,sheepstick,1050,2
34,sheepstick,1440,5
36,sheepstick,1500,1
37,sheepstick,1650,4
38,sheepstick,1800,2
39,sheepstick,1400,6
40,sheepstick,1400,6
42,sheepstick,1800,1
43,sheepstick,1800,3
45,sheepstick,1633,9
46,sheepstick,1800,1
47,sheepstick,1800,1
48,sheepstick,1800,1
49,sheepstick,1800,1
50,sheepstick,1500,2
52,sheepstick,1710,10
53,sheepstick,1569,13
55,sheepstick,1650,6
56,sheepstick,1500,20
58,sheepstick,1500,1
62,sheepstick,1388,8
64,sheepstick,1650,4
68,sheepstick,1600,6
69,sheepstick,1200,1
71,sheepstick,1800,1
74,sheepstick,1572,39
75,sheepstick,1600,9
76,sheepstick,1509,46
79,sheepstick,1800,1
82,sheepstick,900,1
84,sheepstick,1444,73
85,sheepstick,1650,4
86,sheepstick,1700,3
88,sheepstick,1800,4
89,sheepstick,1800,2
90,sheepstick,1662,13
92,sheepstick,1500,1
93,sheepstick,1800,1
94,sheepstick,1350,2
96,sheepstick,1800,1
98,sheepstick,1688,8
99,sheepstick,1200,1
101,sheepstick,1488,25
105,sheepstick,1515,40
106,sheepstick,1800,1
107,sheepstick,1800,1
108,sheepstick,1620,5
110,sheepstick,1754,13
111,sheepstick,1500,2
112,sheepstick,1800,1
113,sheepstick,1700,3
119,sheepstick,1200,2
121,sheepstick,1525,24
123,sheepstick,1582,11
128,sheepstick,1731,13
129,sheepstick,1757,14
131,sheepstick,1200,1
155,sheepstick,1800,1